lastname,firstname
Abercrombie,Kim
Abolrous,Hazem
Abrus,Luka
Abu-Dayah,Ahmad
Acevedo,Humberto
Achong,Gustavo
Ackerman,Pilar
Adalsteinsson,Gudmundur
Adams,Terry
Affronti,Michael
Agarwal,Manoj
Agarwal,Nupur
Ahs,David
Aiad,Hatim
Ajenstat,François
Akers,Kim
Akin,Cigdem
Ako-Adjei,Kweku
Alberts,AmyE.
Albrecht,BrianT.
Alexander,David
Alexander,Michael
Alexander,Michelle
Alexander,SeanP.
Alexieff,Mark
Alexieva-Bosseva,Diliana
Allen,Michael
Almosnino,Gilead
Alverca,Luis
Alvord,James
Alwan,Antonio
Amireh,Kamil
Anashkin,Oleg
Andersen,HenrietteThaulow
Andersen,MaryKay
Andersen,Thomas
Anderson,Christen
Anderson,Nancy
Andrade,Diogo
Andreshak,Joe
Andrews,Ben
Andrews,Lisa
Antebi,Roy
Apacible,Johnson
Argentiero,Luca
Argrow,NeKeta
Arifin,Zainal
Artman,Ravital
Arts,Ties
Arya,Dimple
Ashkenazi,Ronen
Asbari,Roya
Ashton,Chris
Athalye,Sameer
Atlas,Vivian
Auricchio,JoseLuis
Aviv-Reuven,Shir
Aw,KamFoo
Axford,Kai
BaconJr.,DanK.
Bagel,JeanPhilippe
Bahrami,Anahita
Bailey,Josh
Balasubramanian,Dev
Balázs,Erzsébet
Banai,Yossi
Bakhach,AbuObeida
Bankov,Peter
Bansal,Dushyant
Banti,Ed
Basalik,Evan
Barkóczi,Miklós
Barnett,Dave
Barnhill,Josh
Barr,Adam
Barry,Chris
Bassli,Shai
Baumfeld,Deborah
Beasley,Shaun
Bebbington,Mark
Bechynsky,Stepan
Bedecs,Anna
Bedi,Parry
Beebe,Ann
Belinszki,Balázs
Belishky,Kostadin
Bellew,Allie
Bentley,Sean
Benito,Almudena
Bento,Nuno
Béres,Kálmán
Berg,Karen
Berg,Matt
Berger,Katherine(Kate)
Berka,Martin
Bermejo,Antonio
Berndt,Matthias
Berroth,Michael
Birkby,Dana
Bischoff,Jimmy
Bishop,Scott
Bixhorn,Ari
Black,Neil
Bloesser,Rex
Blomsterberg,BrynjaSigrídur
Blythe,MichaelGreg
Bobde,Nikhil
Bochenek,Tomasz
Boeger,Catherine
Bojman,Frederic
Bolender,Corinna
Bolisetty,Srikanth
Bonaldi,Raffaella
Bonifaz,Luis
Bonnet,Laurent
Borba,LianaKresch
Boseman,Randall
Bott,Jörg
Bouchard,Thomas
Bowen,Eli
Boyer,Marc
Bracy,Colleen
Bradley,DavidM.
Brandel,Jonas
Brauninger,Andy
Bredehoeft,Bryan
Brehm,Peter
Brewer,Alan
Breyer,Markus
Brigandi,Nick
Bristol,David
Brown,Allison
Brown,Derek
Brown,Jed
Brown,Robert
Brown,Scott
Brunner,Daniel
Brussard,Chloe
Bryant,Chris
Budai,Péter
Burian,Jiri
Burk,Susan
Burke,Brian
Burlacu,Ovidiu
Butnaru,Tzipi
Bye,Dennis
Byham,Rick
Byrne,Randy
Cabatana,Reina
Calafato,Ryan
Calinov,Iulian
Camelbeke,Geert
Cameron,Maria
Campbell,David
Campbell,Jamie
Campbell,JohnIII
Canel,Fabrice
Cannon,Paul
Cantrell,Jon
Cao,Jun
Cappiello-Guy,Anthony
Carbonati,Cyril
Carey,Cynthia
Carey,Richard
Carlson,Jason
Carlson,Ty
Caro,Fernando
Caron,Rob
Carpenter,Chase
Carter,Adam
Carvallo,Carlos
Casazza,GwynethWilliams
Cason,Rob
Casparij,Gitte
Casqueiro,Joao
Cavaglieri,Giorgio
Cavallari,Matt
Cazzaniga,Luisa
Cebeci,Ural
Chai,Sean
Chan,Gareth
Chapman,Greg
Charles,Mathew
Charney,Neil
Chami,Mohammad
Chavda,Ankur
Chaves,Francisco
Chen,Aik
Chen,Hao
Chen,Jacky
Chen,JohnY.
Chia,Jeff
Chia,LeeTheng
Chisholm,Martin
Chmiela,Michal
Chopra,Manish
Chow,Ray
Chudzik,Terri
Chvojková,Petra
Ciccu,Alice
Circeo,Ken
Cohen,Izak
Coleman,Pat
Combel,CraigM.
Comertoglu,Can
Con,Aaron
Connelly,Peter
Cook,Kevin
Cook,PatrickM.
Cool,Jeroen
Corbin,Jim
Cordani,Michel
Cornejo,Cecilia
Corets,Eva
Counts,Robin
Creasey,Jack
Crisiarcu,Ioan
Cuesta,MaríaJesús
Culbertson,Grant
Culp,Scott
Cunha,Gonçalo
Cunningham,Conor
Czernek,Pawel
Czupta,Wojciech
Dalia,Apurva
Daliot,Ofer
Daly,Jim
Danner,Ryan
Danseglio,Mike
Darrow,Alex
Dascher,Shannon
Davidovski,Velimir
Davis,Andrew
Davis,Sara
Davison,Eric
Dayley,Marlowe
Dehenne,Denis
Delaney,Aidan
Delesalle,Myriam
Delgado,Axel
Dell,Eduard
Dellamore,Luca
Deming,Stephen
Dempsey,Molly
Denuit,Bruno
Desai,NatashaA.
Desai,Prashanth
DeSeranno,Shane
DeVoe,Michael
Dewar,Craig
Dick,Cari
Dickson,Holly
Didcock,Cliff
Dixon,Andrew
Dockter,Blaine
Dow,Jane
Downs,Chris
Doyle,Patricia
Dryml,Jan
D'sa,Reuben
Dubicki,Dominik
Duerr,Bernard
Dukhon,Marina
Dunker,Andrea
Dumitrascu,Adrian
Duncan,Bart
Durrer,Daniel
Dyck,Shelley
Dykstra,Maria
Dyszkiewicz,Witold
Dziegiel,AndreasHanefeld
Eamsiri,Krittiya
Earls,Terry
Ebdrup,Mads
Edwards,Josh
Eggerer,Alexander
Egorov,Vladimir
Elkugia,Mohamed
Elliott,Patrick
Elmsheuser,Heiko
Elson,Anil
Eminhizer,Terry
Entin,Michael
Eremenko,Alexei
Erickson,GailA.
Ersan,Ebru
Escapa,Daniel
Estrada,Modesto
Evans,John
Ewert,Ken
Faerch,Sten
Faisandier,Antoine
Fedorow,Maciej
Feinberg,Yaniv
Felhofer,Walter
Feng,Hanying
Fennell,Dan
Ferreira,PedroChaves
Fewel,Burke
Fiegler,Franziska
Fischer,Heinrich
Fischer,Péter
Flash,William
Flipo,Florence
Florian,Karel
Fong,Raymond
Fontana,Olivier
Ford,Jeff
Forde,Viggo
Forsyth,Diane
Fort,Garth
Fourre,Gwenael
Francker,Soren
Frank,Jill
Frauenheim,Joel
Freitag,Sven
Freitas,Victor
Frintu,Mihail
Frost,Gabe
Funk,Don
Furse,Kari
Gaffney,Lawrie
Gahrns,Mike
Gallagher,Chris
Galore,Janet
Galvin,David
Garcia,Cesar
Garcia,Debra
Garcia,Hugo
Garcia,MiguelAngel
Garden,Euan
Garghentini,Davide
Gay,Benjamin
Gazit,Inbar
Gehring,Darren
Geller,Christa
Geschwandtner,Jens
Getzinger,Tom
Ghosh,Wriju
Giakoumakis,Leo
Gibbins,Phil
Gil,Enrique
Gilbert,Guy
Gilmore,Eric
Giorgi,Adriana
Glasson,Stuart
Glimp,DianeR.
Glynn,Jim
Goeschl,Gerhard
Goktepe,Mete
Goldberg,Jossef
Goldin,Maxim
Goldschmidt,Daniel
Goldstein,BrianRichard
Gonzalez,Howard
Gonzalez,Nuria
Gordner,Jon
Gostincar,Mojca
GoudiardduMesnil,Laure
Graceffo,Elisa
Grachev,Nikolay
Graff,EliotJ.
Gray,Chris
Gregersen,Kirk
Gregg,Ryan
Grilo,Carlos
Grinius-Hill,SusanD.
Grisso,Geoff
Grossman,Seth
Groth,Brian
Gruber,Eric
Guaita,Daniela
Guinot,Allan
Guo,Yanlai
Güran,Nurhan
Gutierrez,Pedro
Guy,WeyYuan
Haberkorn,B.J.
Hadaya,Sagiv
Haemels,Ivo
Hagege,Adina
,
Hagens,ErinM.
Halberg,Pernille
Halmaert,Franck
Halstead,Dean
Hamborg,Thomas
Hamilton,David
Hamilton,JamesR.
Hamlin,Jay
Han,Mu
Hance,Jim
Hanif,Kerim
Hansen,Claus
Hanson,Mark
Hao,Junmin
Harel,Eran
Harmath,Zoltán
Harp,Walter
Harrington,Mark
Harris,Phyllis
Harteveld,Arno
Harui,Roger
Hassall,Mark
Hassouneh,Aziz
Hayakawa,Satomi
Hay,Jeff
Healy,Joe
Hedlund,Magnus
Hee,GordonL.
Hefetz,Uzi
Heloo,Waleed
Henc,Marian
Hendergart,James
Henig,Limor
Henningsen,Jay
Hensien,Kari
Herb,Charlie
Herbinger,Andreas
Hernady,Robert
Hernoux,Fabien
Herp,Jesper
Herriman,Annie
Hess,Christian
Hesse,Stefan
Hezi,Mor
Hicks,Cassie
Higa,Sidney
Higginbotham,Tom
Hill,AndrewR.(Andy)
Hill,ChristopherE.(Chris)
Hilsdale,Michael
Hines,Patrick
Hirunyanitiwatna,Pongsiri
Hite,Douglas(Doug)
Hofmann,Roland
Holt,Holly
Hosokai,Hideatsu
Houston,Peter
Huff,Arlene
Hurtado,Begoña
Iallo,Lucio
Ihrig,Ryan
Ilyina,Julia
Iragavarapu,Srinivas
Isla,Julian
Ismert,Erik
Ito,Shu
Iyer,Raman
Jacob,Sanjay
Jacobsen,Lola
Jacques,EtienneP.
Jaffe,David
Jaffe,Jon
Jain,Mukesh
Jain,Vikas
Jacobsen,Lola
Jakobsen,KarinaNormann
Janiszewski,Krzysztof
JavierCastrejón,Francisco
Jaworski,Michal
Jayne,Darcy
Jean,Virginie
Jelitto,Jacek
Jensen,ChristianeRønnow
Jensen,Henrik
Jensen,ThomasSøndergaard
Jiang,StephenYuan
John,Glen
Johnsen,Christopher
Johnson,Brian
Johnson,David
Jones,David
Jordan,Katie
Jøergensen,Irene
Juhl,Claus
Jump,Dan
Jurek,Michael
Käch,Reto
Kacmar,Dalibor
Kahn,Wendy
Kaliyath,Sandeep
Kalnakova,Viara
Kalyanaraman,Karthik
Kalz,Joris
Kamal,Soha
Kane,John
Kang,Roan
Kapoor,Ashish
Karásek,Petr
Karnik,Sachin
Karpeta,Jiri
Karwat,Magdalena
Kastner,Steve
Kasturi,Sunil
Katyal,Sandeep
Kawai,Masato
Kearney,Bonnie
Keen,Charlie
Keever,Bruce
Keil,Kendall
Keller,Lukas
Kelly,Madeleine
Kelly,Bob
Kelly,Kevin
Kemmotsu,Yukari
Kemp,Christian
Kennedy,Kevin
Kennedy,Will
Kensok,Jennifer
Kerjean,Thomas
Kerr,Melissa
Kerry,Anat
Khan,Imtiaz
Kharatishvili,Tengiz
Kharoufeh,Bishara
Khosa,Godwell
Khot,Parna
Khoury,Michael
Kiel,Oliver
Kiesler,Omri
Kim,Jennifer
Kim,Jim
Kim,Shane
Kim,Tim
Kin,Tatsunari
King,Russell
Kirilov,Anton
Kirilov,Stanimir
Kirwan,Yvette
Kiselman,Michael
Klco,René
Kleinerman,Christian
Klimov,Sergey
Kobetic,Tomas
Koch,Reed
Koch,Christine
Koch,Paul
Koczka,Dániel
Koduri,Sunil
Koenigsbauer,Kirk
Kogan,Eugene
Kohl,Franz
Koklic,Andrej
Kol,Ayla
Kolesnikova,Katerina
Kollar,Lubor
Komashinsky,Ivan
Koncius,Sarunas
Konersmann,Scott
Korzun,Dariusz
Kosted,Steve
Kotas,Jan
Kothari,Ankur
Kovvuru,Prakash
Kozleski,Jason
Kránitz,József
Krause,Michael
Krawczak,Joseph
Krout,Kelly
Krebs,PeterJ.
Kretowicz,Marcin
Krijnen,Tony
Krishnan,Venky
Krovak,Lukas
Krschne,Peter
Kumar,Deepak
Kutej,Tomas
Kuppa,Vamsi
Kurmann,Benno
Kwok,Ken
Lachance,Joel
Lad,Minesh
Lam,Lawrence
Lamb,Karin
Lan,Andrew
Lang,Eric
Lange,Michael
Langohr,Kris
Langvad-Nielsen,Anders
Lannin,Adrian
Larsson,Katarina
Lasker,Steve
Laszlo,Rebecca
Lawrence,DavidOliver
Leal,Karina
Lee,Oliver
Lemson,KC
Lengel,Roger
Lepofsky,Steven
Letzén,Johan
Levin,Danny
Levitan,Michal
Lew,Judy
Li,GeorgeZ.
Li,Yale
Li,Yan
Li,Yuhong
Lidman,Anna
Lieber,Justin
Lineback,Chris
Lisboa,PauloH.
Litton,Tim
Liu,DavidJ.
Liu,Jenny
Liu,Jinghao
Liu,Kevin
Liu,Run
Lo,Renee
Löb,Michael
Lohndorf-Larsen,Lars
Longmuir,David
Looney,William
López,Arturo
Lorenzen,NisBank
Los,Jeremy
Louverdis,George
Low,Spencer
Low,Jeff
Loza,Hani
Ludwig,Dave
Ludwig,Michael
Lukács,Tibor
Lum,Richard
Luper,Steve
Lupu,Cornel
Lyon,Robert
Ma,Andrew
Macagno,Maurizio
MacBeth,Melissa
MacDonald,Scott
Machado,Manuel
Madigan,Tony
Madsen,Anders
Madsen,RenéLund
Magnotta,Maureen
Mahadevan,Vidhya
Mahood,Justin
Mahugh,Doug
Mahawar,Hemant
Maitre,Virginie
Makovac,Zrinka
Makovec,Tina
Malcolmson,Ken
Malgorzaciak,Janusz
Mallit,Ken
Malone,Bill
Malpani,Pooja
Manar,Karim
Manchanda,Sanjay
Manchepalli,Ajay
Mandic,Mirko
Manek,Parul
Margheim,Diane
Marques,Leonor
Martens,Ben
Martin,Michele
Martínez,Frank
Martins,Isabel
Maslinski,Jacek
Masters,Steve
Mathur,Anil
Mayo,Chris
McClelland,Mark
McCormack,Michael
McCrae,Dean
McCue,Jason
McDowell,Kevin
McGurk,Chris
McKay,Yvonne
Meadows,Ed
Mealiffe,Jeff
Meadows,Todd
Meisels,Josh
Melo,Eduardo
Mena,João
Mensa-Annan,Tete
Merriam,Jesse
Mevius,Willem
Meyer,April
Meyer,Chris
Michaels,Tom
Mieszkowski,Tomasz
Mihelcic,Goran
Miller,Ben
Miler,Roman
Miller,Dylan
Miller,Frank
Miller,Joy
Miller,Lisa
Miller,Mike
Mirchandani,Bharat
Mirchandani,NitinS.
Mirtic,Damjan
Misiec,Anna
Mitchell,Linda
Mitchell,Scott
Mogensen,Michael
Mograbi,Sharif
Mohamed,Shammi
Mohan,Suchitra
Mohrman,Ray
Mollerup,Jonathan
Molnar,Heike
Mondloch,Arnie
Moore,Bobby
Moore,Michael
Morcos,Hany
Moreno,Jordao
Morris,Jon
Mortensen,Sven
Motte,Sebastien
Mu,Zheng
Mughal,Salman
Munson,Liberty
Munson,Stuart
Murchison,Heather
Murray,BillieJo
Myer,Ken
Myrcha,Jacek
Nagaichouk,Kyryl
Naik,Mandar
Narayanan,Ranjith
Nash,Mike
Nason,KirkJ.
Natarajan,Mrina
Natsuhara,Dave
Navarro,Tomás
Neipper,Michael
Nelson,Jeremy
Neves,Paulo
Newman,Belinda
Nicholls,Aaron
Niswonger,Chad
Nixon,Toby
Nkya,Elly
Noriega,Fabricio
Norred,Chris
Oberleitner,Gerwald
Okada,Yoichiro
Ola,Preeda
Olafsson,Gísli
Olecka,Aneta
Oliveira,Manuel
O'Neill,Tom
Orint,Neil
Orman,Jerry
Orman,Tad
Ortman,Danni
Orton,Jon
Óskarsson,JónHarry
Oveson,Scott
Ozhogina,Inna
Paiha,Dominik
Painter,AaronM.
Pais,Wilson
Pak,JaeB.
Palangio,Ian
Palcic,Rok
Palma,Tude
Panduro,Stig
Paramasivam,Prakash
Park,Dan
Parker,Darren
,
Parovszky,Alfons
Paschke,Dorena
Patel,RajeshM.
Patel,Sanjay
Pattanapitakkul,Pannarat
Patten,Michael
Paturskis,Leonids
Pedersen,Flemming
Peled,Yael
Pelton,David
Peng,Yun-Feng
Penisson,Laurent
Penor,Lori
Penuchot,Lionel
Pereira,Michel
Perham,Tom
Petchdenlarp,Wirote
Petculescu,Cristian
Petersen,Palle
Petratur,Radim
Pezzini,Pierangela
Pfeiffer,Michael
Philip,Terrence
Phillips,Jeff
Piaseczny,Michal
Pica,Guido
Pinilla,Pilar
Pinto,Armando
Pitayaphongpat,Worapon
Pitie,Jean-Christophe
Plate,Tanja
Plonsky,Idan
Podkolzina,Ekaterina
Poe,Toni
Pogulsky,Grigory
Poland,Carole
Poliszkiewicz,Michal
Pollock,Josh
Polly,LauraSteele
Poozhiyil,Suraj
Popkova,Darya
Posti,Juha-Pekka
Potokar,Matej
Potra,Cristina
Pournasseh,Houman
Preston,Chris
Prescott,Diane
Price,Jeff
Probst,David
Ptaszynski,Jim
Raghav,Amritansh
Raheem,Michael
Railson,Stuart
Raj,Prithvi
Ramanathan,Rajesh
Ran,Yossi
Ranjan,Vishwa
Rankenburg,Markus
Rao,ArvindB.
Raposo,Rui
Rasmussen,Morten
Rath,Andrew
Ray,Mike
Ready,Rodrigo
Reagan,April
Reding,Jamie
Regev,Barak
Rehorik,Filip
Reid,Miles
Reiter,Tsvi
Reitzel,Per
Remick,EnochT.
Renaud,Olivier
Rettig,Bjorn
Ribaute,Delphine
Richardson,Don
Richardson,Shawn
Richardson,Wendy
Richins,JackS.
Riis,Anders
Riis,Bjarne
Ringstrom,Titti
Rißling,Stefan
Rivas,Juan-Carlos
Rockfeld,Scott
Rodman,John
Roessler,Don
Roic,Alessio
Rolecki,Marek
Rollin,Kelly
Roman,Daniel
Roth,Daniel
Roth,Tali
Röttel,Sebastian
Rounthwaite,Robert
Rovik,Dag
RoviraDiez,Pablo
Rowe,Todd
Royant,Sabine
Rubin,Idan
Rucker,Erik
Rudmanis,Raimonds
Ruggiero,Michael
Ruivo,Pedro
Rumian,Rafal
Russo,Giuseppe
Ruzicka,Ales
Rytt,Christian
Saddow,Peter
Saenz,Miguel
Seale,Malvin
Sajjateerakool,Suriya
Salah,Tamer
Salas-Szlejter,Karolina
Salavaria,Sharon
Sam,Raymond
Samant,Mandar
Samarawickrama,Prasanna
Sánchez,Ken
Sánchez,Yolanda
Sands,Patrick
Salopek,Dubravka
Sapiezynska,Beata
Saraiva,José
Sargent,Mark
Sario,Esko
Sarin,Raman
Sasic,Tihomir
Sato,Michiyo
Sato,Naoki
Saulis,Rimvydas
Sawanoi,Kazuki
Saylor,Dennis
Scemla,Isabelle
Scepanek,Peter
Schaller,George
Schare,Gary
Schiller,Rainer
Scholl,Boris
Scholl,Thorsten
Schorr,Janet
Schou,Andreas
Schmidt,Steve
Schmöllerl,Martin
Schwertl,Juergen
Selig,AaronAlex
Sells,Chris
Severino,Miguel
Seymour,James
Shabaneh,Osama
Shah,Niraj
Shah,Sanjay
Shakespear,Paul
Sharma,Ashvini
Shashkov,Ruslan
Shaw,Rhae-Christie
Shen,Alan
Shen,Paul
Shibata,Kazuto
Shirley,Brett
Shortt,Patrick
Shrader,Jill
Shridhar,Shish
Shtiegman,Eran
Silva,Alexandre
Silva,Edmund
Silverman,Anav
Simbaeva,Iliana
Simmons,AlexJ.
Simon,Britta
Simpson,David
Simpson,Katherine
Sinclair,Andrew
Singh,Gurinder
Singhal,Ashima
Singhi,Soumya
Siu,Nelson
Skelly,BonnieL.
Skinner,Morgan
Skjold,EgilIvar
Slycord,Randy
Smith,Ben
Smith,Brian
Smith,Denise
Smith,Jeff
Smith,John
SmithJr.,Ronaldo
Smith,Samantha
Smith,Tony
Smith-Bates,LorrinG.
Sneath,Timothy(Tim)
Snyder,Derek
So,David
Sokec,Neven
Solanki,Ajay
Solovay,Andrew
Song,Lolan
Souza,Yukako
Sousa,Anibal
Sousa,Luis
Spanton,Ryan
Speirs,Alistair
Spencer,Phil
Spona,Martin
Sprenger,Christof
Sreenivas,Mahesh
Srinivasan,Sethu
Stachnio,Roman
Stammler,Jeff
Stark,Jamie
Steele,Mark
Steen,Heidi
Steffensen,Kim
Stehmann,Victor
Steiner,Alan
Stele,Jaka
Stevens,Max
Stewart,April
Stewart,Sean
Stiller,Florian
Stoltze,Anne-Mette
Strande,Amy
Strazar,Bostjan
Stubberod,Susanna
Straatsma,GerritJan
Strome,David
Struve-Christensen,Stig
Sundararaj,Ananth
Sullivan,Andrew
Sullivan,Michael
Sun,Nate
Sundaram,Vijay
Suneja,Bharat
Suominen,Ari
Sutton,Brad
Sutton,Kern
Suurs,Paul
Swift,Eric
Syamala,Manoj
Szimmetat,Oliver
Szymczak,Radoslaw
Tamburello,Roberto
Taneyhill,Kate
Tangirala,Rakesh
Taylor,DanielP.
Taylor,Maurice
Tejani,SameerA.
Teper,Jeff
Teutsch,Brian
Tham,Bernard
Thirunavukkarasu,Ram
Thodla,Sandhya
Thoi,TienDung
Thorell,Iben
Thornber,Alicia
Thorp,Justin
Thorpe,Steven
Tiedt,Danielle
Ting,Hung-Fu(Tony)
Toh,Karen
Toftemark,Lisa
Tollevsen,Bjørn
Tomic,Dragan
Tóth,András
Toubro,Louise
Toyoshima,Tim
Travers,ShirleenH.
Treetawatchaiwong,Lertchai
Troup,Carol
Truelsen,Kim
Truempy,Marcel
Truher,Jim
Truffat,Marcelo
Trukawka,Adam
Tschimmel,Steffen
Tucker,Michael
Tuntisangaroon,Sittichai
Tupy,Richard
Turner,Olinda
Turner,Richard
Uddin,Sairaj
Uittenbogaard,Pieter
Untch,Hans-Walter
Uppal,Sunil
Vajda,Szabolcs
Valdes,Rene
Valle,Esther
Vanderhyde,Michael
Vargas,Garrett
Vasa,Petr
Velauthapillai,Siri
Veninga,Tjeerd
Venugopal,RajaD.
Verboort,Kevin
Verny,Gregory
Veronesi,Giorgio
Veselova,Olya
Vietzen,Nina
Viidul,Fred
Villadsen,Peter
Vilums,Aldis
Visser,Jelle
Vliegen,Davy
Volodin,Viktor
Vong,William
Voss,Florian
Vrettos,Connie
Wacker,Roland
Wadia,Rohinton
Waite,Darren
Wakefield,Robin
Waldman,Larry
Wallace,Anne
Walters,Rob
Wang,Jeff
Wang,JianShuo
Wang,Qiang
Wang,Tony
Waxman,Peter
Weadock,KellyJ.
Weber,Gregory
Weber,Martin
Weiler,Anne
Weinfurter,Walter
Weinrich,Thorsten
Weisman,Daniel
Weiss,Charlotte
Welcker,Brian
Wenzel,Maira
Wessels,Bart
West,Paul
Westermann,Pia
Wheeler,Wendy
White,Cindy
Wickham,Jim
Wilcox,Colin
Williams,Jeff
Wilson,Dan
Wilson,Jim
Winfield,Steve
Winkler,Roland
Winston,Greg
Witte,Rainer
Wittrell,James
Wolodzko,Mariusz
Wood,Robin
Woodall,Zac
Woods,John
Wories,Michiel
Wright,David
Wright,StevenM.
Wu,Qiong
Wycoff,Pieter
Xie,Ming-Yang
Xylaras,Ioannis
Yair,Shmuel
Yalovsky,David
Yamagishi,Makoto
Yang,Chen
Yasinski,Arthur
Yasuda,Eiji
Yee,Tai
Yokim,John
Yonekura,Norimichi
Young,Rob
Yu,Wei
Yuan,Joanna
Yukish,GaryW.
Yuksel,Ayca
Yvkoff,Greg
Zabokritski,Eugene
Zajc,Marko
Zakardissnehf,Kerstin
Zaki,Amr
Zander,Jason
Zare,Robert
Zeman,Michael
Zeng,Jeffrey
Ilene,Sims
Virgil,Friday
Gilberto,Ault
Drew,Odum
Aurora,Campos
Della,Monroe
Evelyn,Andrews
Luann,Rollins
Josh,Horning
Carole,Benton
Darrin,Lock
Alfreda,Cortez
Hans,Lightner
Rogelio,Amaral
Terrence,McKnight
Katherine,Stokes
Lydia,Garza
Theresa,Hartman
Tommie,Navarro
Ida,McCall
Earline,Slater
Katie,Pyle
Joanne,Shaw
Angie,Maldonado
Terry,Wong
Herminia,Mays
Cora,Bauer
Joan,Rosario
Hattie,McConnell
Letitia,Willis
Lawanda,Houston
August,Brazil
Merle,Hume
Concetta,Jackson
Adrienne,Horn
Robert,Bevins
Hollis,Poland
Chandra,Barr
Tamera,Marsh
Benita,Marshall
Guadalupe,Boettcher
Dixie,McMahon
Tom,Mattos
Alisa,Gonzales
Mildred,Burch
Vicki,Cook
Lea,Stewart
Wilma,Allison
Angel,Damon
Elliott,Cushing
Deann,Reid
Jim,Lindgren
Reuben,Fried
Charlotte,Kramer
Penny,Roberts
Jessie,Nolan
Flora,Rojas
Marcella,Whitney
Toni,Roman
Barry,Rayford
Brianna,Brady
Vincent,Zambrano
Hollie,Witt
Chasity,Kim
Bennie,Langer
Kaye,Delacruz
Stan,Wolcott
Harry,Wooley
Cecile,Greene
Vickie,Price
Lara,Kane
Lola,Ellison
Donnell,Brigham
Kenny,Leak
Dudley,Glaze
Juanita,Butler
Lucy,Christensen
Lea,Rodriquez
Alyssa,Ramos
Cynthia,Flores
Luisa,Hodge
Bryan,Barden
Sandy,Rose
Marylou,Carver
Emilio,Stonge
Adele,Olson
Marlene,Merritt
Sherrie,Gallagher
Lawrence,Woodbury
Winnie,Gay
Vaughn,Voigt
Wilson,Overby
Art,Slaton
Cheri,Mercer
Dolly,Wilkins
Andrew,Borrego
Theodore,Narvaez
Lupe,Chavez
Faith,Fry
Carolina,Dawson
Tonia,Aguilar
Antoine,Apple
Archie,Reeve
Essie,Howe
Lorenzo,Stroup
Stephanie,Whitney
Virgil,Heilman
Edna,Kramer
Maryanne,Ashley
Angelo,Clouse
Angeline,Casey
Judith,Ingram
Ross,Quillen
Lupe,Neal
Julia,Lindsay
Kristopher,Leatherman
Angie,McKinney
Samantha,Duffy
Andre,Cage
Pete,Dibble
Erick,Orth
Adriana,Chen
Stella,Hooper
Cheri,Harrell
Doreen,Morrison
Dawn,Nelson
Dolores,Raymond
Don,Sacco
Donald,Barham
Ada,Garrett
Sheryl,Hobbs
Marguerite,Albert
Lina,Dawson
Russel,Levi
Nick,Yocum
Latasha,Robertson
Lakeisha,Raymond
Marisa,Estrada
Rosanna,Callahan
Bert,Fulkerson
Bart,Fowlkes
Patricia,Merrill
Kelli,Hubbard
Dolly,Lindsay
Krystal,Pruitt
Estelle,Fields
Johnathan,McCoy
Charlene,Arnold
Hugh,Clausen
Maritza,Burke
Djordje,Jovanovic
Diana,Kliciute
Viktorija,DegutienÄ—
Lazzat,Jumalikyzy
Josephine,Konig
Anna,Fleer
Marija,Mielkiene
Josephine,Kramer
Ulla,Wolfe
Lena,Vasiljevic
Miomir,Jankovic
Dobrashin,Stojkovic
Meile,Tautkute
Gabriele,Budreikiene
Pavle,Radic
Deividas,Andris
Jasna,Lazic
Alberto,Pinto
Niklaus,Zimmerman
Svetlana,Knezevic
Eduarda,Cavalcante
Valerio,Moraes
Leonor,Gonzales
Gavran,Jovovich
Slavna,Utjesenovic
Han,Braun
Dieter,Martin
Victorino,Lima
Goran,Blagojevic
Elsa,Konig
Falk,Wolf
Nikolina,Popovic
Daniyar,Sultanuly
Gerhart,Lange
Tatjana,Svetozar
Ana,Vukovic
Miomir,Kraljevic
Fabiana,Alves
Mudar,Zivkovic
Grazina,Petrokiene
Joana,Correa
Ulla,Konig
Julia,Martins
Fabiana,Cunha
Claudio,Silva
Leonor,Melo
Antavas,Pavlis
Rute,Kazlauskiene
Bojan,Komljenovic
Ausra,Mineikiene
Dobrasin,Djordjevic
Charles,Wolf
Jonelis,Wirkus
Anibal,Ferreira
Julia,Gonzales
Dusan,Mihajlovik
Miljan,Nikolic
Isabela,Alves
Ilija,Maric
Laima,Labunskaite
Mindaugas,Norbut
Danute,Bakuniene
Radmila,Udovicki
Jasmin,Vogel
Donatas,Mickus
Abdi,Ahmetuly
Niklaus,Fleer
Aliute,Jankauskiene
Helga,Wolfe
Lara,Gomes
Mantas,Soulis
Jurgis,Rubis
Achim,Schulz
Johanna,Ehrle
Julia,Gomes
Justina,Petrokaite
Marcela,Vila Nova
Yasmin,Cavalcanti
Nasir,Kasymuly
Alma,Bortkeviciene
Jandos,Isauly
Sergio,Silva
Sofija,Stambolic
Abay,Abildauly
Srecko,Milik
Sidro,Jankovic
Radovan,Mihajlovic
Nebo,Nesic
Samuelis,Martinkus
Erico,Cunha
Jonelis,Zukas
Isabele,Montes
Brigita,Labunskaite
Sara,Pavlovic
Joao,Goncalves
Jan,Lange
Breno,Silva
Justina,DegutienÄ—
Vitoria,Cunha
Jasmin,Wolf
Bernhard,Schmid
Lorenz,Peters
Gebhard,Klein
Marisa,Lima
Emma,Graf
Sophia,Pena
Olivia,Soares
Predrag,Kos
Ingrid,Stein
Jan,Roth
Nada,Petrovic
Emma,Becker
Duica,Popov
Fabio,Lago
Carla,Schmitt
Duica,Stojadinovic
Roze,Lukauskaite
Ingrid,Wolfe
Kunsulu,Sagatkyzy
Leila,Ribeiro
Asiya,Burkitbaikyzy
Abira,Nurpeiskyzy
Christoph,Becker
Kauan,Rocha
Alberto,Santos
Janis,Martinkus
Orestas,Bagdonas
Nebojsa,Tomic
Dalia,Adamkiene
Elke,Faber
Paulius,Mickus
Breno,Mello
Rafael,Viera
Lea,Muller
Janar,Bekturkyzy
Sarah,Kohler
Laura,Anhalt
Yasmin,Castro
Rafaela,Ribeiro
Gebhard,Lorenz
Beatriz,Viera
Orestas,Luksys
Paula,Lago
Asya,Mikutaite
Laima,Meskauskiene
Murilo,Cunha
Jurgis,Rimkus
Sophie,Becker
Senka,Simovic
Julio,Silva
